{
  "test": {
    "mae": 14.823457601968261,
    "rmse": 18.146484220001206
  },
  "val": {
    "mae": 14.914995926219108,
    "rmse": 18.237008290824583
  }
}