{
  "mae": 14.821787802751453,
  "rmse": 18.147676700998016
}