{
  "test": {
    "mae": 14.82325856313172,
    "rmse": 18.146043936135815
  },
  "val": {
    "mae": 14.915404328344152,
    "rmse": 18.23690177970036
  }
}